timestamp,GMXXX_NO2 (ppm),GMXXX_Ethanol (ppm),GMXXX_VOC (ppm),GMXXX_CO (ppm),MiCS5524_CO (ppm),MiCS5524_Ethanol (ppm),MiCS5524_VOC (ppm),label
1765203829051,0.850000,0.615000,0.290000,0.224000,16.464000,19.194000,6.008000,idle
1765203829305,0.850000,0.615000,0.289000,0.224000,15.033000,17.042000,5.420000,idle
1765203829405,0.849000,0.615000,0.289000,0.224000,14.753000,16.628000,5.306000,idle
1765203830112,0.851000,0.616000,0.289000,0.224000,14.753000,16.628000,5.306000,idle
1765203830163,0.850000,0.616000,0.290000,0.224000,14.753000,16.628000,5.306000,idle
1765203830872,0.850000,0.615000,0.289000,0.224000,14.614000,16.423000,5.249000,idle
1765203831176,0.851000,0.615000,0.289000,0.221000,14.753000,16.628000,5.306000,idle
1765203831783,0.849000,0.616000,0.289000,0.222000,14.475000,16.220000,5.192000,idle
1765203832188,0.851000,0.616000,0.288000,0.219000,14.753000,16.628000,5.306000,idle
1765203832594,0.850000,0.616000,0.288000,0.219000,14.614000,16.423000,5.249000,idle
1765203832695,0.851000,0.616000,0.288000,0.219000,14.475000,16.220000,5.192000,idle
1765203833354,0.850000,0.616000,0.288000,0.220000,14.475000,16.220000,5.192000,idle
1765203834012,0.851000,0.616000,0.286000,0.218000,14.475000,16.220000,5.192000,idle
1765203835735,0.849000,0.616000,0.286000,0.217000,14.475000,16.220000,5.192000,idle
1765203836293,0.850000,0.616000,0.285000,0.216000,15.033000,17.042000,5.420000,idle
1765203836698,0.849000,0.616000,0.285000,0.217000,14.753000,16.628000,5.306000,idle
1765203836953,0.850000,0.615000,0.286000,0.217000,14.614000,16.423000,5.249000,idle
1765203837510,0.850000,0.616000,0.285000,0.218000,14.614000,16.423000,5.249000,idle
1765203837965,0.850000,0.615000,0.285000,0.218000,14.614000,16.423000,5.249000,idle
1765203838420,0.850000,0.617000,0.286000,0.220000,14.753000,16.628000,5.306000,idle
1765203838976,0.850000,0.616000,0.286000,0.221000,14.753000,16.628000,5.306000,idle
1765203839431,0.851000,0.616000,0.288000,0.224000,15.033000,17.042000,5.420000,idle
1765203840191,0.850000,0.616000,0.288000,0.225000,14.753000,16.628000,5.306000,idle
1765203840291,0.851000,0.616000,0.289000,0.226000,15.174000,17.251000,5.477000,idle
1765203841101,0.851000,0.616000,0.290000,0.226000,15.174000,17.251000,5.477000,idle
1765203842817,0.851000,0.617000,0.290000,0.228000,15.315000,17.461000,5.535000,idle
1765203843170,0.853000,0.617000,0.293000,0.231000,16.174000,18.752000,5.888000,idle
1765203843575,0.852000,0.617000,0.294000,0.235000,15.599000,17.886000,5.652000,idle
1765203843876,0.852000,0.617000,0.294000,0.235000,15.457000,17.673000,5.593000,idle
1765203845540,0.853000,0.617000,0.297000,0.236000,15.315000,17.461000,5.535000,level_1_state_1
1765203846449,0.853000,0.617000,0.300000,0.243000,17.051000,20.094000,6.252000,level_1_state_1
1765203848069,0.852000,0.616000,0.305000,0.243000,16.904000,19.867000,6.190000,level_1_state_1
1765203848677,0.850000,0.615000,0.300000,0.231000,15.599000,17.886000,5.652000,level_1_state_1
1765203848728,0.849000,0.615000,0.296000,0.224000,14.893000,16.834000,5.363000,level_1_state_1
1765203849083,0.849000,0.615000,0.294000,0.222000,14.337000,16.018000,5.136000,level_1_state_1
1765203849486,0.848000,0.615000,0.292000,0.217000,14.199000,15.817000,5.080000,level_1_state_1
1765203849838,0.846000,0.615000,0.289000,0.212000,13.654000,15.027000,4.860000,level_1_state_1
1765203849939,0.846000,0.615000,0.287000,0.208000,13.384000,14.640000,4.751000,level_1_state_1
1765203850394,0.845000,0.615000,0.284000,0.203000,12.850000,13.881000,4.537000,level_1_state_1
1765203850495,0.845000,0.614000,0.281000,0.199000,12.587000,13.510000,4.432000,level_1_state_1
1765203851102,0.844000,0.615000,0.279000,0.196000,12.325000,13.144000,4.327000,level_1_state_1
1765203851809,0.842000,0.614000,0.272000,0.187000,11.552000,12.076000,4.021000,level_1_state_1
1765203852366,0.840000,0.614000,0.266000,0.179000,11.046000,11.390000,3.822000,level_1_state_1
1765203852974,0.839000,0.614000,0.262000,0.174000,10.672000,10.888000,3.676000,level_1_state_1
1765203853783,0.838000,0.615000,0.260000,0.172000,10.425000,10.560000,3.580000,level_1_state_1
1765203854442,0.836000,0.614000,0.250000,0.163000,10.059000,10.077000,3.437000,level_1_state_1
1765203855049,0.834000,0.614000,0.245000,0.159000,9.696000,9.605000,3.297000,level_1_state_1
1765203856062,0.834000,0.614000,0.242000,0.155000,9.220000,8.992000,3.114000,level_1_state_1
1765203856619,0.833000,0.613000,0.240000,0.153000,9.220000,8.992000,3.114000,level_1_state_1
1765203856721,0.832000,0.613000,0.236000,0.150000,9.102000,8.842000,3.069000,level_1_state_1
1765203857428,0.832000,0.613000,0.232000,0.147000,8.985000,8.693000,3.024000,level_1_state_1
1765203858391,0.830000,0.613000,0.228000,0.145000,8.635000,8.254000,2.891000,level_1_state_1
1765203858896,0.829000,0.613000,0.226000,0.144000,8.520000,8.110000,2.848000,level_1_state_1
1765203859301,0.829000,0.613000,0.224000,0.143000,8.405000,7.967000,2.804000,level_1_state_1
1765203859655,0.828000,0.613000,0.223000,0.143000,8.405000,7.967000,2.804000,level_1_state_1
1765203860160,0.828000,0.613000,0.221000,0.140000,8.176000,7.685000,2.718000,level_1_state_1
1765203860565,0.827000,0.613000,0.220000,0.140000,8.176000,7.685000,2.718000,level_1_state_1
1765203860666,0.828000,0.612000,0.218000,0.140000,8.176000,7.685000,2.718000,level_1_state_1
1765203861223,0.826000,0.612000,0.216000,0.139000,8.063000,7.546000,2.675000,level_1_state_1
1765203861477,0.826000,0.613000,0.214000,0.138000,7.950000,7.408000,2.633000,level_1_state_1
1765203862085,0.827000,0.612000,0.214000,0.137000,7.837000,7.271000,2.590000,level_1_state_1
1765203862591,0.826000,0.612000,0.212000,0.136000,7.725000,7.135000,2.549000,level_1_state_1
1765203863349,0.825000,0.612000,0.212000,0.136000,7.837000,7.271000,2.590000,level_1_state_1
1765203864159,0.824000,0.611000,0.206000,0.134000,7.613000,7.001000,2.507000,level_1_state_1
1765203864564,0.823000,0.612000,0.205000,0.133000,7.502000,6.867000,2.465000,level_1_state_1
1765203864868,0.823000,0.611000,0.204000,0.133000,7.613000,7.001000,2.507000,level_1_state_1
1765203865576,0.823000,0.611000,0.202000,0.133000,7.502000,6.867000,2.465000,level_1_state_1
1765203865627,0.822000,0.611000,0.202000,0.132000,7.613000,7.001000,2.507000,level_1_state_1
1765203866435,0.822000,0.611000,0.201000,0.132000,7.392000,6.735000,2.424000,level_1_state_1
1765203866486,0.821000,0.611000,0.200000,0.131000,7.613000,7.001000,2.507000,level_1_state_1
1765203867041,0.821000,0.611000,0.199000,0.131000,7.502000,6.867000,2.465000,level_1_state_1
1765203867395,0.821000,0.610000,0.198000,0.132000,7.725000,7.135000,2.549000,level_1_state_1
1765203868255,0.820000,0.611000,0.198000,0.139000,8.290000,7.826000,2.761000,level_1_state_1
1765203868761,0.821000,0.611000,0.198000,0.139000,8.405000,7.967000,2.804000,level_1_state_1
1765203868861,0.821000,0.610000,0.200000,0.142000,8.868000,8.546000,2.980000,level_1_state_1
1765203869317,0.820000,0.610000,0.200000,0.144000,8.635000,8.254000,2.891000,level_1_state_1
1765203870027,0.820000,0.611000,0.201000,0.145000,8.985000,8.693000,3.024000,level_1_state_1
1765203870584,0.821000,0.610000,0.202000,0.148000,9.102000,8.842000,3.069000,level_1_state_1
1765203870686,0.820000,0.610000,0.203000,0.149000,9.220000,8.992000,3.114000,level_1_state_1
1765203871951,0.821000,0.610000,0.204000,0.151000,9.220000,8.992000,3.114000,level_1_state_1
1765203872001,0.820000,0.611000,0.204000,0.152000,9.457000,9.296000,3.205000,level_1_state_1
1765203872912,0.821000,0.610000,0.204000,0.153000,9.338000,9.144000,3.160000,level_1_state_1
1765203873468,0.821000,0.610000,0.204000,0.153000,9.937000,9.918000,3.390000,level_1_state_1
1765203873923,0.821000,0.610000,0.205000,0.154000,9.817000,9.761000,3.344000,level_1_state_1
1765203874278,0.821000,0.610000,0.205000,0.155000,9.457000,9.296000,3.205000,level_1_state_1
1765203874379,0.821000,0.609000,0.205000,0.154000,9.696000,9.605000,3.297000,level_1_state_1
1765203874886,0.820000,0.610000,0.205000,0.155000,9.457000,9.296000,3.205000,level_1_state_1
1765203874987,0.820000,0.609000,0.205000,0.154000,9.576000,9.450000,3.251000,level_1_state_1
1765203876051,0.820000,0.609000,0.205000,0.155000,9.817000,9.761000,3.344000,level_1_state_1
1765203877163,0.820000,0.609000,0.205000,0.155000,9.457000,9.296000,3.205000,level_1_state_1
1765203877366,0.819000,0.609000,0.205000,0.154000,9.696000,9.605000,3.297000,level_1_state_1
1765203878278,0.820000,0.609000,0.204000,0.153000,9.338000,9.144000,3.160000,level_1_state_1
1765203878989,0.819000,0.609000,0.204000,0.153000,9.576000,9.450000,3.251000,level_1_state_1
1765203879091,0.819000,0.609000,0.204000,0.153000,9.576000,9.450000,3.251000,level_1_state_1
1765203879700,0.820000,0.609000,0.204000,0.152000,9.338000,9.144000,3.160000,level_1_state_1
1765203880306,0.819000,0.608000,0.204000,0.153000,9.338000,9.144000,3.160000,level_1_state_1
1765203880915,0.820000,0.607000,0.203000,0.152000,9.457000,9.296000,3.205000,level_1_state_1
1765203881319,0.819000,0.607000,0.203000,0.152000,9.576000,9.450000,3.251000,level_1_state_1
1765203882331,0.819000,0.608000,0.202000,0.151000,9.220000,8.992000,3.114000,level_1_state_1
1765203882889,0.818000,0.608000,0.202000,0.150000,9.338000,9.144000,3.160000,level_1_state_1
1765203883396,0.818000,0.607000,0.202000,0.150000,8.985000,8.693000,3.024000,level_1_state_1
1765203883498,0.818000,0.607000,0.201000,0.150000,9.102000,8.842000,3.069000,level_1_state_1
1765203884104,0.818000,0.607000,0.201000,0.150000,9.220000,8.992000,3.114000,level_1_state_1
1765203884610,0.818000,0.608000,0.200000,0.148000,9.102000,8.842000,3.069000,level_1_state_1
1765203884711,0.818000,0.608000,0.200000,0.149000,9.102000,8.842000,3.069000,level_1_state_1
1765203885316,0.818000,0.608000,0.200000,0.149000,9.102000,8.842000,3.069000,level_1_state_1
1765203885823,0.818000,0.608000,0.199000,0.148000,9.220000,8.992000,3.114000,level_1_state_1
1765203886176,0.817000,0.607000,0.198000,0.148000,9.220000,8.992000,3.114000,level_1_state_1
1765203886784,0.818000,0.607000,0.199000,0.148000,9.102000,8.842000,3.069000,level_1_state_1
1765203886834,0.817000,0.606000,0.198000,0.147000,9.102000,8.842000,3.069000,level_1_state_1
1765203887189,0.817000,0.607000,0.197000,0.147000,8.985000,8.693000,3.024000,level_1_state_1
1765203887493,0.817000,0.606000,0.197000,0.147000,8.868000,8.546000,2.980000,level_1_state_1
1765203887595,0.817000,0.606000,0.197000,0.147000,8.868000,8.546000,2.980000,level_1_state_1
1765203888000,0.817000,0.606000,0.197000,0.147000,8.868000,8.546000,2.980000,level_1_state_1
1765203888101,0.817000,0.607000,0.197000,0.147000,8.868000,8.546000,2.980000,level_1_state_1
1765203888506,0.816000,0.606000,0.196000,0.147000,8.868000,8.546000,2.980000,level_1_state_1
1765203888608,0.816000,0.606000,0.196000,0.146000,8.985000,8.693000,3.024000,level_1_state_1
1765203888912,0.816000,0.606000,0.196000,0.146000,8.985000,8.693000,3.024000,level_1_state_1
1765203889569,0.815000,0.607000,0.196000,0.146000,8.868000,8.546000,2.980000,level_1_state_1
1765203889619,0.816000,0.606000,0.196000,0.145000,8.985000,8.693000,3.024000,level_1_state_1
1765203890328,0.817000,0.607000,0.195000,0.145000,8.751000,8.399000,2.935000,level_1_state_1
1765203890431,0.816000,0.606000,0.195000,0.145000,8.868000,8.546000,2.980000,level_1_state_1
1765203890886,0.816000,0.607000,0.194000,0.145000,8.751000,8.399000,2.935000,level_1_state_1
1765203890937,0.816000,0.605000,0.194000,0.146000,8.751000,8.399000,2.935000,level_1_state_1
1765203891190,0.816000,0.606000,0.194000,0.145000,8.635000,8.254000,2.891000,level_1_state_1
1765203891797,0.816000,0.606000,0.194000,0.145000,8.751000,8.399000,2.935000,level_1_state_1
1765203891898,0.816000,0.605000,0.193000,0.146000,8.868000,8.546000,2.980000,level_1_state_1
1765203892506,0.815000,0.605000,0.194000,0.144000,8.751000,8.399000,2.935000,level_1_state_1
1765203892606,0.815000,0.606000,0.193000,0.144000,8.868000,8.546000,2.980000,level_1_state_1
1765203893111,0.815000,0.605000,0.193000,0.144000,8.751000,8.399000,2.935000,level_1_state_1
1765203893211,0.815000,0.605000,0.193000,0.145000,8.751000,8.399000,2.935000,level_1_state_1
1765203893514,0.815000,0.605000,0.192000,0.144000,8.635000,8.254000,2.891000,level_1_state_1
1765203894171,0.815000,0.605000,0.192000,0.143000,8.751000,8.399000,2.935000,level_1_state_1
1765203895386,0.814000,0.604000,0.191000,0.144000,8.635000,8.254000,2.891000,level_1_state_1
1765203895944,0.815000,0.605000,0.190000,0.144000,8.751000,8.399000,2.935000,level_1_state_1
1765203896096,0.815000,0.605000,0.190000,0.143000,8.868000,8.546000,2.980000,level_1_state_1
1765203896704,0.815000,0.606000,0.189000,0.143000,8.635000,8.254000,2.891000,level_1_state_1
1765203896805,0.814000,0.605000,0.189000,0.142000,8.751000,8.399000,2.935000,level_1_state_1
1765203897564,0.815000,0.605000,0.189000,0.142000,8.520000,8.110000,2.848000,level_1_state_1
1765203897615,0.814000,0.604000,0.188000,0.142000,8.751000,8.399000,2.935000,level_1_state_1
1765203898323,0.814000,0.605000,0.188000,0.141000,8.405000,7.967000,2.804000,level_1_state_1
1765203898727,0.814000,0.604000,0.188000,0.141000,8.751000,8.399000,2.935000,level_1_state_1
1765203899484,0.813000,0.604000,0.188000,0.141000,8.520000,8.110000,2.848000,level_1_state_1
1765203899888,0.814000,0.603000,0.188000,0.141000,8.520000,8.110000,2.848000,level_1_state_1
1765203900142,0.813000,0.604000,0.188000,0.141000,8.520000,8.110000,2.848000,level_1_state_1
1765203900800,0.813000,0.604000,0.187000,0.141000,8.405000,7.967000,2.804000,level_1_state_1
1765203900902,0.813000,0.604000,0.187000,0.141000,8.520000,8.110000,2.848000,level_1_state_1
1765203901508,0.813000,0.603000,0.186000,0.141000,8.405000,7.967000,2.804000,level_1_state_1
1765203901864,0.812000,0.604000,0.186000,0.141000,8.405000,7.967000,2.804000,level_1_state_1
1765203902370,0.813000,0.604000,0.186000,0.141000,8.290000,7.826000,2.761000,level_1_state_1
1765203902977,0.813000,0.604000,0.186000,0.140000,8.405000,7.967000,2.804000,level_1_state_1
1765203903028,0.813000,0.603000,0.185000,0.140000,8.405000,7.967000,2.804000,level_1_state_1
1765203904192,0.812000,0.603000,0.185000,0.140000,8.290000,7.826000,2.761000,level_1_state_1
1765203904596,0.813000,0.604000,0.184000,0.138000,8.176000,7.685000,2.718000,level_1_state_1
1765203904799,0.812000,0.602000,0.183000,0.139000,8.176000,7.685000,2.718000,level_1_state_1
1765203905406,0.812000,0.603000,0.183000,0.138000,8.063000,7.546000,2.675000,level_1_state_1
1765203906315,0.812000,0.603000,0.183000,0.139000,8.290000,7.826000,2.761000,level_1_state_1
1765203906874,0.812000,0.602000,0.182000,0.137000,8.176000,7.685000,2.718000,level_1_state_1
1765203906975,0.812000,0.603000,0.182000,0.138000,8.290000,7.826000,2.761000,level_1_state_1
1765203907481,0.812000,0.603000,0.182000,0.137000,8.063000,7.546000,2.675000,level_1_state_1
1765203907582,0.813000,0.603000,0.182000,0.138000,8.176000,7.685000,2.718000,level_1_state_1
1765203908138,0.812000,0.603000,0.182000,0.137000,8.063000,7.546000,2.675000,level_1_state_1
1765203909101,0.812000,0.602000,0.181000,0.138000,8.405000,7.967000,2.804000,level_1_state_1
1765203909406,0.812000,0.603000,0.181000,0.137000,8.063000,7.546000,2.675000,level_1_state_1
1765203909506,0.811000,0.602000,0.180000,0.137000,8.176000,7.685000,2.718000,level_1_state_1
1765203910012,0.811000,0.603000,0.180000,0.137000,8.063000,7.546000,2.675000,level_1_state_1
1765203910113,0.811000,0.603000,0.180000,0.137000,8.176000,7.685000,2.718000,level_1_state_1
1765203910822,0.810000,0.602000,0.180000,0.137000,8.176000,7.685000,2.718000,level_1_state_1
1765203911328,0.811000,0.602000,0.179000,0.137000,8.063000,7.546000,2.675000,level_1_state_1
1765203911480,0.811000,0.602000,0.179000,0.137000,8.063000,7.546000,2.675000,level_1_state_1
1765203912694,0.810000,0.603000,0.178000,0.135000,7.950000,7.408000,2.633000,level_1_state_1
1765203912746,0.811000,0.602000,0.179000,0.137000,7.950000,7.408000,2.633000,level_1_state_1
1765203913402,0.810000,0.602000,0.178000,0.136000,8.063000,7.546000,2.675000,level_1_state_1
1765203914209,0.810000,0.602000,0.177000,0.136000,8.176000,7.685000,2.718000,level_1_state_1
1765203914716,0.810000,0.602000,0.177000,0.136000,7.950000,7.408000,2.633000,level_1_state_1
1765203914817,0.810000,0.601000,0.177000,0.136000,8.063000,7.546000,2.675000,level_1_state_1
1765203915372,0.810000,0.601000,0.177000,0.137000,7.950000,7.408000,2.633000,level_1_state_1
1765203915423,0.810000,0.601000,0.176000,0.137000,8.063000,7.546000,2.675000,level_1_state_1
1765203915929,0.810000,0.601000,0.176000,0.135000,7.950000,7.408000,2.633000,level_1_state_1
1765203917498,0.810000,0.601000,0.175000,0.136000,8.063000,7.546000,2.675000,level_1_state_1
1765203917903,0.809000,0.600000,0.174000,0.134000,7.950000,7.408000,2.633000,level_1_state_1
1765203918509,0.810000,0.601000,0.175000,0.135000,7.837000,7.271000,2.590000,level_1_state_1
1765203919167,0.811000,0.601000,0.175000,0.134000,7.950000,7.408000,2.633000,level_1_state_1
1765203919824,0.810000,0.601000,0.174000,0.135000,8.063000,7.546000,2.675000,level_1_state_1
1765203920280,0.809000,0.601000,0.174000,0.134000,8.063000,7.546000,2.675000,level_1_state_1
1765203920787,0.810000,0.600000,0.173000,0.134000,7.837000,7.271000,2.590000,level_1_state_1
1765203921546,0.809000,0.601000,0.173000,0.133000,7.837000,7.271000,2.590000,level_1_state_1
1765203921597,0.809000,0.601000,0.173000,0.133000,7.950000,7.408000,2.633000,level_1_state_1
1765203922405,0.809000,0.600000,0.173000,0.133000,7.725000,7.135000,2.549000,level_1_state_1
1765203923116,0.807000,0.600000,0.172000,0.132000,7.837000,7.271000,2.590000,level_1_state_1
1765203923725,0.809000,0.600000,0.172000,0.134000,7.725000,7.135000,2.549000,level_1_state_1
1765203923826,0.808000,0.600000,0.172000,0.133000,7.950000,7.408000,2.633000,level_1_state_1
1765203924230,0.809000,0.600000,0.171000,0.133000,7.725000,7.135000,2.549000,level_1_state_1
1765203924331,0.809000,0.600000,0.171000,0.133000,7.613000,7.001000,2.507000,level_1_state_1
1765203924939,0.809000,0.600000,0.171000,0.133000,7.725000,7.135000,2.549000,level_1_state_1
1765203925598,0.808000,0.599000,0.170000,0.133000,7.725000,7.135000,2.549000,level_1_state_1
1765203927470,0.809000,0.600000,0.169000,0.132000,7.613000,7.001000,2.507000,level_1_state_1
1765203927926,0.807000,0.599000,0.169000,0.132000,7.837000,7.271000,2.590000,level_1_state_1
1765203928381,0.807000,0.599000,0.169000,0.132000,7.502000,6.867000,2.465000,level_1_state_1
1765203929241,0.807000,0.599000,0.169000,0.132000,7.502000,6.867000,2.465000,level_1_state_1
1765203929445,0.807000,0.599000,0.168000,0.132000,7.837000,7.271000,2.590000,level_1_state_1
1765203930203,0.807000,0.598000,0.168000,0.131000,7.725000,7.135000,2.549000,level_1_state_1
1765203930862,0.807000,0.599000,0.168000,0.132000,7.502000,6.867000,2.465000,level_1_state_1
1765203931014,0.807000,0.599000,0.167000,0.132000,7.613000,7.001000,2.507000,level_1_state_1
1765203931622,0.807000,0.599000,0.167000,0.130000,7.502000,6.867000,2.465000,level_1_state_1
1765203931926,0.806000,0.598000,0.167000,0.130000,7.502000,6.867000,2.465000,level_1_state_1
1765203932028,0.807000,0.599000,0.167000,0.130000,7.502000,6.867000,2.465000,level_1_state_1
1765203932535,0.807000,0.599000,0.167000,0.130000,7.613000,7.001000,2.507000,level_1_state_1
1765203933143,0.807000,0.598000,0.166000,0.131000,7.392000,6.735000,2.424000,level_1_state_1
1765203933852,0.806000,0.599000,0.166000,0.130000,7.613000,7.001000,2.507000,level_1_state_1
1765203934105,0.806000,0.599000,0.166000,0.129000,7.392000,6.735000,2.424000,level_1_state_1
1765203934660,0.806000,0.599000,0.165000,0.130000,7.392000,6.735000,2.424000,level_1_state_1
1765203935065,0.806000,0.599000,0.165000,0.130000,7.282000,6.604000,2.383000,level_1_state_1
1765203935623,0.806000,0.598000,0.165000,0.129000,7.502000,6.867000,2.465000,level_1_state_1
1765203935725,0.806000,0.598000,0.165000,0.130000,7.613000,7.001000,2.507000,level_1_state_1
1765203936130,0.806000,0.598000,0.164000,0.129000,7.392000,6.735000,2.424000,level_1_state_1
1765203936233,0.806000,0.598000,0.165000,0.129000,7.502000,6.867000,2.465000,level_1_state_1
1765203936840,0.806000,0.598000,0.164000,0.129000,7.392000,6.735000,2.424000,level_1_state_1
1765203936941,0.805000,0.599000,0.164000,0.129000,7.502000,6.867000,2.465000,level_1_state_1
1765203937448,0.806000,0.598000,0.164000,0.129000,7.392000,6.735000,2.424000,level_1_state_1
1765203937498,0.806000,0.599000,0.164000,0.129000,7.502000,6.867000,2.465000,level_1_state_1
1765203938359,0.806000,0.598000,0.164000,0.129000,7.392000,6.735000,2.424000,level_1_state_1
1765203938714,0.806000,0.598000,0.163000,0.129000,7.725000,7.135000,2.549000,level_1_state_1
1765203939575,0.806000,0.598000,0.163000,0.128000,7.613000,7.001000,2.507000,level_1_state_1
1765203940082,0.806000,0.598000,0.163000,0.129000,7.502000,6.867000,2.465000,level_1_state_1
1765203940740,0.806000,0.598000,0.162000,0.129000,7.392000,6.735000,2.424000,level_1_state_1
1765203941550,0.805000,0.599000,0.162000,0.129000,7.392000,6.735000,2.424000,level_1_state_1
1765203942057,0.805000,0.598000,0.162000,0.128000,7.282000,6.604000,2.383000,level_1_state_1
1765203943424,0.805000,0.598000,0.162000,0.128000,7.282000,6.604000,2.383000,level_1_state_1
1765203943828,0.805000,0.597000,0.161000,0.129000,7.613000,7.001000,2.507000,level_1_state_1
1765203945293,0.805000,0.597000,0.161000,0.129000,7.502000,6.867000,2.465000,level_1_state_1
1765203946151,0.805000,0.597000,0.160000,0.128000,7.172000,6.475000,2.343000,level_1_state_1
1765203946202,0.803000,0.597000,0.160000,0.126000,7.502000,6.867000,2.465000,level_1_state_1
1765203946806,0.803000,0.597000,0.159000,0.127000,7.172000,6.475000,2.343000,level_1_state_1
1765203947360,0.804000,0.597000,0.159000,0.126000,7.172000,6.475000,2.343000,level_1_state_1
1765203947462,0.805000,0.597000,0.158000,0.127000,7.172000,6.475000,2.343000,level_1_state_1
1765203948825,0.804000,0.597000,0.159000,0.127000,7.282000,6.604000,2.383000,level_1_state_1
1765203949532,0.805000,0.597000,0.158000,0.126000,7.502000,6.867000,2.465000,level_1_state_1
1765203950237,0.805000,0.596000,0.158000,0.126000,7.282000,6.604000,2.383000,level_1_state_1
1765203950893,0.804000,0.596000,0.158000,0.126000,7.172000,6.475000,2.343000,level_1_state_1
1765203951597,0.804000,0.596000,0.158000,0.126000,7.172000,6.475000,2.343000,level_1_state_1
1765203951698,0.804000,0.597000,0.157000,0.126000,7.282000,6.604000,2.383000,level_1_state_1
1765203952405,0.804000,0.596000,0.157000,0.126000,7.172000,6.475000,2.343000,level_1_state_1
1765203952608,0.803000,0.596000,0.157000,0.126000,7.282000,6.604000,2.383000,level_1_state_1
1765203953064,0.805000,0.596000,0.157000,0.125000,7.172000,6.475000,2.343000,level_1_state_1
1765203953115,0.804000,0.596000,0.156000,0.126000,7.282000,6.604000,2.383000,level_1_state_1
1765203953721,0.804000,0.597000,0.157000,0.126000,7.172000,6.475000,2.343000,level_1_state_1
1765203954329,0.803000,0.596000,0.156000,0.126000,7.282000,6.604000,2.383000,level_1_state_1
1765203954986,0.804000,0.596000,0.156000,0.126000,7.063000,6.346000,2.302000,level_1_state_1
1765203955087,0.805000,0.596000,0.156000,0.125000,7.282000,6.604000,2.383000,level_1_state_1
1765203955595,0.804000,0.597000,0.156000,0.125000,7.063000,6.346000,2.302000,level_1_state_1
1765203955645,0.804000,0.596000,0.156000,0.125000,7.172000,6.475000,2.343000,level_1_state_1
1765203956305,0.802000,0.596000,0.155000,0.125000,7.172000,6.475000,2.343000,level_1_state_1
1765203956709,0.803000,0.596000,0.156000,0.126000,7.063000,6.346000,2.302000,level_1_state_1
1765203956810,0.803000,0.595000,0.155000,0.125000,7.172000,6.475000,2.343000,level_1_state_1
1765203958835,0.804000,0.596000,0.154000,0.125000,7.063000,6.346000,2.302000,level_1_state_1
1765203959290,0.803000,0.595000,0.154000,0.124000,7.282000,6.604000,2.383000,level_1_state_1
1765203959899,0.802000,0.595000,0.154000,0.125000,7.063000,6.346000,2.302000,level_1_state_1
1765203960607,0.802000,0.595000,0.154000,0.125000,7.063000,6.346000,2.302000,level_1_state_1
1765203960709,0.802000,0.595000,0.154000,0.124000,7.172000,6.475000,2.343000,level_1_state_1
1765203961315,0.802000,0.595000,0.154000,0.124000,7.063000,6.346000,2.302000,level_1_state_1
1765203961721,0.802000,0.595000,0.153000,0.124000,7.172000,6.475000,2.343000,level_1_state_1
1765203962530,0.803000,0.595000,0.153000,0.125000,7.282000,6.604000,2.383000,level_1_state_1
1765203963290,0.802000,0.594000,0.153000,0.124000,7.063000,6.346000,2.302000,level_1_state_1
1765203963340,0.802000,0.594000,0.153000,0.124000,7.282000,6.604000,2.383000,level_1_state_1
1765203964100,0.803000,0.595000,0.153000,0.125000,7.063000,6.346000,2.302000,level_1_state_1
1765203964808,0.802000,0.594000,0.152000,0.125000,7.063000,6.346000,2.302000,level_1_state_1
1765203965517,0.802000,0.594000,0.152000,0.124000,7.063000,6.346000,2.302000,level_1_state_2
1765203965618,0.802000,0.595000,0.152000,0.124000,7.172000,6.475000,2.343000,level_1_state_2
1765203966327,0.802000,0.595000,0.152000,0.124000,6.954000,6.219000,2.262000,level_1_state_2
1765203967945,0.802000,0.595000,0.151000,0.125000,7.063000,6.346000,2.302000,level_1_state_2
1765203968046,0.802000,0.594000,0.152000,0.125000,7.282000,6.604000,2.383000,level_1_state_2
1765203969104,0.802000,0.595000,0.152000,0.125000,7.063000,6.346000,2.302000,level_1_state_2
1765203969710,0.802000,0.595000,0.152000,0.125000,7.392000,6.735000,2.424000,level_1_state_2
1765203970621,0.802000,0.595000,0.152000,0.125000,6.738000,5.967000,2.183000,level_1_state_2
1765203971381,0.803000,0.595000,0.151000,0.126000,6.312000,5.479000,2.027000,level_1_state_2
1765203972041,0.802000,0.595000,0.150000,0.124000,6.207000,5.359000,1.989000,level_1_state_2
1765203972293,0.803000,0.596000,0.150000,0.124000,6.102000,5.241000,1.951000,level_1_state_2
1765203972847,0.803000,0.595000,0.150000,0.123000,6.102000,5.241000,1.951000,level_1_state_2
1765203973049,0.804000,0.595000,0.150000,0.122000,6.312000,5.479000,2.027000,level_1_state_2
1765203973401,0.802000,0.595000,0.148000,0.120000,6.418000,5.599000,2.066000,level_1_state_2
1765203973906,0.803000,0.595000,0.148000,0.119000,6.418000,5.599000,2.066000,level_1_state_2
1765203973957,0.802000,0.594000,0.148000,0.118000,6.631000,5.843000,2.143000,level_1_state_2
1765203974714,0.803000,0.595000,0.147000,0.117000,6.524000,5.721000,2.104000,level_1_state_2
1765203975067,0.803000,0.595000,0.146000,0.115000,6.418000,5.599000,2.066000,level_1_state_2
1765203975673,0.803000,0.595000,0.145000,0.115000,6.418000,5.599000,2.066000,level_1_state_2
1765203976330,0.803000,0.595000,0.144000,0.115000,6.418000,5.599000,2.066000,level_1_state_2
1765203976885,0.802000,0.595000,0.144000,0.113000,6.418000,5.599000,2.066000,level_1_state_2
1765203976987,0.802000,0.595000,0.144000,0.112000,6.418000,5.599000,2.066000,level_1_state_2
1765203977392,0.802000,0.595000,0.143000,0.111000,6.102000,5.241000,1.951000,level_1_state_2
1765203977493,0.803000,0.595000,0.143000,0.110000,5.997000,5.125000,1.913000,level_1_state_2
1765203978000,0.802000,0.595000,0.143000,0.109000,5.997000,5.125000,1.913000,level_1_state_2
1765203978506,0.803000,0.596000,0.142000,0.106000,5.687000,4.781000,1.801000,level_1_state_2
1765203979366,0.803000,0.595000,0.140000,0.103000,5.687000,4.781000,1.801000,level_1_state_2
1765203979974,0.802000,0.596000,0.138000,0.103000,5.894000,5.009000,1.875000,level_1_state_2
1765203980581,0.803000,0.595000,0.137000,0.103000,5.790000,4.894000,1.838000,level_1_state_2
1765203981090,0.801000,0.595000,0.136000,0.105000,5.687000,4.781000,1.801000,level_1_state_2
1765203981191,0.802000,0.595000,0.136000,0.105000,5.687000,4.781000,1.801000,level_1_state_2
1765203982000,0.802000,0.595000,0.136000,0.106000,5.894000,5.009000,1.875000,level_1_state_2
1765203982101,0.803000,0.595000,0.135000,0.106000,5.894000,5.009000,1.875000,level_1_state_2
1765203982505,0.803000,0.595000,0.135000,0.106000,5.894000,5.009000,1.875000,level_1_state_2
1765203982606,0.803000,0.595000,0.135000,0.107000,5.790000,4.894000,1.838000,level_1_state_2
1765203983062,0.803000,0.596000,0.134000,0.107000,5.790000,4.894000,1.838000,level_1_state_2
1765203983113,0.802000,0.595000,0.134000,0.106000,5.790000,4.894000,1.838000,level_1_state_2
1765203984125,0.802000,0.596000,0.134000,0.105000,5.687000,4.781000,1.801000,level_1_state_2
1765203984377,0.802000,0.595000,0.133000,0.105000,5.687000,4.781000,1.801000,level_1_state_2
1765203985085,0.801000,0.596000,0.133000,0.106000,5.585000,4.669000,1.765000,level_1_state_2
1765203985136,0.802000,0.596000,0.132000,0.105000,5.790000,4.894000,1.838000,level_1_state_2
1765203985590,0.802000,0.595000,0.132000,0.106000,5.585000,4.669000,1.765000,level_1_state_2
1765203985691,0.801000,0.595000,0.131000,0.105000,5.585000,4.669000,1.765000,level_1_state_2
1765203985996,0.802000,0.596000,0.132000,0.105000,5.585000,4.669000,1.765000,level_1_state_2
1765203986908,0.802000,0.596000,0.131000,0.104000,5.483000,4.558000,1.728000,level_1_state_2
1765203987261,0.802000,0.596000,0.130000,0.104000,5.585000,4.669000,1.765000,level_1_state_2
1765203987312,0.801000,0.595000,0.130000,0.103000,5.483000,4.558000,1.728000,level_1_state_2
1765203987816,0.802000,0.596000,0.130000,0.104000,5.382000,4.448000,1.692000,level_1_state_2
1765203987917,0.802000,0.596000,0.129000,0.104000,5.585000,4.669000,1.765000,level_1_state_2
1765203988473,0.802000,0.596000,0.129000,0.104000,5.585000,4.669000,1.765000,level_1_state_2
1765203988978,0.802000,0.596000,0.129000,0.105000,5.997000,5.125000,1.913000,level_1_state_2
1765203989283,0.802000,0.596000,0.129000,0.105000,5.997000,5.125000,1.913000,level_1_state_2
1765203989384,0.802000,0.596000,0.129000,0.105000,6.102000,5.241000,1.951000,level_1_state_2
1765203989989,0.802000,0.595000,0.128000,0.105000,6.207000,5.359000,1.989000,level_1_state_2
1765203990090,0.801000,0.597000,0.128000,0.106000,6.418000,5.599000,2.066000,level_1_state_2
1765203990494,0.802000,0.596000,0.128000,0.105000,6.207000,5.359000,1.989000,level_1_state_2
1765203990696,0.801000,0.596000,0.128000,0.106000,6.312000,5.479000,2.027000,level_1_state_2
1765203991002,0.802000,0.595000,0.128000,0.108000,6.312000,5.479000,2.027000,level_1_state_2
1765203991305,0.802000,0.596000,0.129000,0.108000,6.418000,5.599000,2.066000,level_1_state_2
1765203991406,0.802000,0.596000,0.129000,0.110000,6.418000,5.599000,2.066000,level_1_state_2
1765203991912,0.802000,0.596000,0.129000,0.111000,6.418000,5.599000,2.066000,level_1_state_2
1765203992014,0.801000,0.596000,0.130000,0.112000,6.418000,5.599000,2.066000,level_1_state_2
1765203992470,0.802000,0.596000,0.130000,0.114000,6.312000,5.479000,2.027000,level_1_state_2
1765203992521,0.802000,0.596000,0.130000,0.115000,6.418000,5.599000,2.066000,level_1_state_2
1765203993280,0.802000,0.596000,0.131000,0.115000,6.418000,5.599000,2.066000,level_1_state_2
1765203994089,0.801000,0.595000,0.132000,0.117000,6.631000,5.843000,2.143000,level_1_state_2
1765203994748,0.802000,0.596000,0.132000,0.120000,6.738000,5.967000,2.183000,level_1_state_2
1765203995104,0.803000,0.596000,0.134000,0.121000,7.063000,6.346000,2.302000,level_1_state_2
1765203995660,0.803000,0.595000,0.134000,0.119000,6.738000,5.967000,2.183000,level_1_state_2
1765203995711,0.803000,0.596000,0.134000,0.118000,6.738000,5.967000,2.183000,level_1_state_2
1765203996115,0.803000,0.596000,0.134000,0.117000,6.738000,5.967000,2.183000,level_1_state_2
1765203996216,0.802000,0.596000,0.134000,0.117000,6.846000,6.092000,2.222000,level_1_state_2
1765203996520,0.803000,0.596000,0.134000,0.115000,6.846000,6.092000,2.222000,level_1_state_2
1765203996924,0.804000,0.597000,0.134000,0.116000,6.954000,6.219000,2.262000,level_1_state_2
1765203997330,0.803000,0.596000,0.134000,0.114000,7.063000,6.346000,2.302000,level_1_state_2
1765203998847,0.804000,0.596000,0.133000,0.113000,7.282000,6.604000,2.383000,level_1_state_2
1765203999304,0.803000,0.596000,0.133000,0.114000,7.063000,6.346000,2.302000,level_1_state_2
1765203999809,0.803000,0.596000,0.133000,0.113000,7.172000,6.475000,2.343000,level_1_state_2
1765203999911,0.804000,0.596000,0.133000,0.113000,7.063000,6.346000,2.302000,level_1_state_2
1765204000367,0.802000,0.596000,0.133000,0.112000,6.954000,6.219000,2.262000,level_1_state_2
1765204000772,0.804000,0.596000,0.132000,0.113000,6.846000,6.092000,2.222000,level_1_state_2
1765204001431,0.804000,0.595000,0.133000,0.113000,6.954000,6.219000,2.262000,level_1_state_2
1765204001836,0.803000,0.597000,0.133000,0.114000,6.954000,6.219000,2.262000,level_1_state_2
1765204002850,0.804000,0.596000,0.135000,0.120000,6.846000,6.092000,2.222000,level_1_state_2
1765204003307,0.804000,0.597000,0.135000,0.122000,6.738000,5.967000,2.183000,level_1_state_2
1765204003713,0.804000,0.596000,0.136000,0.122000,6.846000,6.092000,2.222000,level_1_state_2
1765204004320,0.804000,0.597000,0.137000,0.123000,6.738000,5.967000,2.183000,level_1_state_2
1765204004979,0.804000,0.596000,0.137000,0.122000,6.954000,6.219000,2.262000,level_1_state_2
1765204005333,0.805000,0.597000,0.138000,0.122000,6.846000,6.092000,2.222000,level_1_state_2
1765204005433,0.804000,0.597000,0.137000,0.123000,6.846000,6.092000,2.222000,level_1_state_2
1765204006040,0.805000,0.597000,0.138000,0.125000,6.846000,6.092000,2.222000,level_1_state_2
1765204006595,0.805000,0.597000,0.139000,0.125000,6.954000,6.219000,2.262000,level_1_state_2
1765204007102,0.804000,0.597000,0.140000,0.126000,6.738000,5.967000,2.183000,level_1_state_2
1765204007203,0.804000,0.597000,0.140000,0.126000,6.738000,5.967000,2.183000,level_1_state_2
1765204007859,0.805000,0.597000,0.140000,0.124000,6.846000,6.092000,2.222000,level_1_state_2
1765204008617,0.804000,0.596000,0.140000,0.125000,6.631000,5.843000,2.143000,level_1_state_2
1765204008667,0.805000,0.597000,0.141000,0.124000,6.846000,6.092000,2.222000,level_1_state_2
1765204009630,0.805000,0.597000,0.140000,0.123000,6.631000,5.843000,2.143000,level_1_state_2
1765204010440,0.805000,0.597000,0.140000,0.122000,6.418000,5.599000,2.066000,level_1_state_2
1765204010540,0.805000,0.597000,0.140000,0.121000,6.631000,5.843000,2.143000,level_1_state_2
1765204011199,0.804000,0.596000,0.139000,0.119000,6.524000,5.721000,2.104000,level_1_state_2
1765204011300,0.805000,0.597000,0.139000,0.118000,6.631000,5.843000,2.143000,level_1_state_2
1765204012006,0.804000,0.597000,0.138000,0.117000,6.631000,5.843000,2.143000,level_1_state_2
1765204012107,0.805000,0.597000,0.138000,0.118000,7.172000,6.475000,2.343000,level_1_state_2
1765204012713,0.805000,0.597000,0.138000,0.118000,6.954000,6.219000,2.262000,level_1_state_2
1765204012815,0.805000,0.597000,0.138000,0.119000,7.172000,6.475000,2.343000,level_1_state_2
1765204013321,0.805000,0.597000,0.138000,0.121000,7.063000,6.346000,2.302000,level_1_state_2
1765204014383,0.805000,0.597000,0.139000,0.124000,6.954000,6.219000,2.262000,level_1_state_2
1765204014484,0.805000,0.597000,0.140000,0.125000,7.063000,6.346000,2.302000,level_1_state_2
1765204014990,0.805000,0.597000,0.140000,0.125000,6.846000,6.092000,2.222000,level_1_state_2
1765204015903,0.805000,0.597000,0.141000,0.128000,7.282000,6.604000,2.383000,level_1_state_2
1765204017016,0.805000,0.597000,0.141000,0.128000,7.063000,6.346000,2.302000,level_1_state_2
1765204017572,0.806000,0.596000,0.143000,0.129000,7.502000,6.867000,2.465000,level_1_state_2
1765204017674,0.805000,0.597000,0.143000,0.129000,7.392000,6.735000,2.424000,level_1_state_2
1765204018788,0.806000,0.597000,0.143000,0.127000,7.282000,6.604000,2.383000,level_1_state_2
1765204019297,0.805000,0.597000,0.142000,0.122000,7.063000,6.346000,2.302000,level_1_state_2
1765204019906,0.806000,0.597000,0.141000,0.120000,7.172000,6.475000,2.343000,level_1_state_2
1765204020565,0.805000,0.597000,0.142000,0.122000,7.172000,6.475000,2.343000,level_1_state_2
1765204020615,0.805000,0.597000,0.142000,0.124000,7.282000,6.604000,2.383000,level_1_state_2
1765204021325,0.805000,0.597000,0.143000,0.126000,7.172000,6.475000,2.343000,level_1_state_2
1765204021425,0.805000,0.597000,0.145000,0.130000,6.954000,6.219000,2.262000,level_1_state_2
1765204021930,0.805000,0.597000,0.145000,0.130000,7.063000,6.346000,2.302000,level_1_state_2
1765204022032,0.806000,0.597000,0.146000,0.134000,7.172000,6.475000,2.343000,level_1_state_2
1765204022639,0.805000,0.597000,0.147000,0.133000,7.063000,6.346000,2.302000,level_1_state_2
1765204023145,0.806000,0.598000,0.147000,0.133000,7.282000,6.604000,2.383000,level_1_state_2
1765204023804,0.806000,0.597000,0.148000,0.132000,7.063000,6.346000,2.302000,level_1_state_2
1765204025018,0.805000,0.598000,0.148000,0.134000,7.172000,6.475000,2.343000,level_1_state_2
1765204025728,0.806000,0.597000,0.148000,0.131000,7.725000,7.135000,2.549000,level_1_state_2
1765204026133,0.806000,0.597000,0.148000,0.130000,7.502000,6.867000,2.465000,level_1_state_2
1765204026236,0.806000,0.597000,0.148000,0.130000,7.502000,6.867000,2.465000,level_1_state_2
1765204026844,0.807000,0.597000,0.147000,0.130000,7.392000,6.735000,2.424000,level_1_state_2
1765204027753,0.806000,0.597000,0.146000,0.128000,7.282000,6.604000,2.383000,level_1_state_2
1765204029323,0.806000,0.597000,0.145000,0.125000,7.837000,7.271000,2.590000,level_1_state_2
1765204029981,0.806000,0.597000,0.145000,0.125000,7.837000,7.271000,2.590000,level_1_state_2
1765204030537,0.806000,0.597000,0.145000,0.124000,7.950000,7.408000,2.633000,level_1_state_2
1765204031042,0.806000,0.597000,0.144000,0.124000,7.950000,7.408000,2.633000,level_1_state_2
1765204031144,0.806000,0.597000,0.144000,0.123000,7.725000,7.135000,2.549000,level_1_state_2
1765204031852,0.806000,0.597000,0.143000,0.124000,7.502000,6.867000,2.465000,level_1_state_2
1765204031903,0.805000,0.597000,0.143000,0.125000,7.613000,7.001000,2.507000,level_1_state_2
1765204032509,0.805000,0.597000,0.144000,0.127000,6.954000,6.219000,2.262000,level_1_state_2
1765204032661,0.806000,0.597000,0.144000,0.128000,7.392000,6.735000,2.424000,level_1_state_2
1765204033468,0.806000,0.597000,0.146000,0.131000,7.502000,6.867000,2.465000,level_1_state_2
1765204034127,0.806000,0.597000,0.146000,0.130000,7.172000,6.475000,2.343000,level_1_state_2
1765204035242,0.806000,0.598000,0.146000,0.131000,7.392000,6.735000,2.424000,level_1_state_2
1765204036102,0.806000,0.597000,0.148000,0.137000,7.502000,6.867000,2.465000,level_1_state_2
1765204037521,0.807000,0.598000,0.153000,0.142000,6.954000,6.219000,2.262000,level_1_state_2
1765204038028,0.807000,0.597000,0.154000,0.144000,6.846000,6.092000,2.222000,level_1_state_2
1765204038129,0.807000,0.597000,0.154000,0.143000,6.846000,6.092000,2.222000,level_1_state_2
1765204038687,0.807000,0.598000,0.154000,0.143000,6.954000,6.219000,2.262000,level_1_state_2
1765204039040,0.807000,0.597000,0.154000,0.143000,6.846000,6.092000,2.222000,level_1_state_2
1765204039648,0.808000,0.598000,0.156000,0.147000,6.954000,6.219000,2.262000,level_1_state_2
1765204040254,0.807000,0.597000,0.159000,0.152000,6.846000,6.092000,2.222000,level_1_state_2
1765204040355,0.806000,0.597000,0.159000,0.150000,6.954000,6.219000,2.262000,level_1_state_2
1765204041012,0.808000,0.598000,0.160000,0.149000,6.846000,6.092000,2.222000,level_1_state_2
1765204041670,0.808000,0.598000,0.161000,0.148000,7.063000,6.346000,2.302000,level_1_state_2
1765204041772,0.808000,0.598000,0.161000,0.146000,7.282000,6.604000,2.383000,level_1_state_2
1765204042429,0.808000,0.598000,0.161000,0.146000,7.063000,6.346000,2.302000,level_1_state_2
1765204043239,0.809000,0.598000,0.162000,0.148000,7.172000,6.475000,2.343000,level_1_state_2
1765204044352,0.808000,0.598000,0.170000,0.165000,7.502000,6.867000,2.465000,level_1_state_2
1765204045163,0.809000,0.598000,0.172000,0.169000,7.392000,6.735000,2.424000,level_1_state_2
1765204045467,0.811000,0.598000,0.177000,0.177000,8.290000,7.826000,2.761000,level_1_state_2
1765204046025,0.810000,0.597000,0.178000,0.173000,8.520000,8.110000,2.848000,level_1_state_2
1765204047238,0.811000,0.598000,0.180000,0.167000,9.338000,9.144000,3.160000,level_1_state_2
1765204047847,0.812000,0.598000,0.177000,0.154000,9.817000,9.761000,3.344000,level_1_state_2
1765204047898,0.812000,0.598000,0.174000,0.147000,8.985000,8.693000,3.024000,level_1_state_2
1765204049164,0.812000,0.598000,0.172000,0.146000,8.520000,8.110000,2.848000,level_1_state_2
1765204049519,0.812000,0.598000,0.168000,0.138000,8.520000,8.110000,2.848000,level_1_state_2
1765204050177,0.813000,0.598000,0.165000,0.134000,7.950000,7.408000,2.633000,level_1_state_2
1765204050684,0.811000,0.598000,0.164000,0.132000,8.176000,7.685000,2.718000,level_1_state_2
1765204051139,0.811000,0.599000,0.163000,0.131000,8.290000,7.826000,2.761000,level_1_state_2
1765204051899,0.811000,0.598000,0.162000,0.130000,8.635000,8.254000,2.891000,level_1_state_2
1765204052152,0.810000,0.598000,0.160000,0.129000,8.751000,8.399000,2.935000,level_1_state_2
1765204053064,0.810000,0.598000,0.159000,0.129000,8.290000,7.826000,2.761000,level_1_state_2
1765204053418,0.810000,0.598000,0.158000,0.130000,8.405000,7.967000,2.804000,level_1_state_2
1765204053469,0.809000,0.598000,0.158000,0.129000,8.176000,7.685000,2.718000,level_1_state_2
1765204053975,0.810000,0.597000,0.159000,0.129000,8.063000,7.546000,2.675000,level_1_state_2
1765204054077,0.809000,0.598000,0.158000,0.129000,8.176000,7.685000,2.718000,level_1_state_2
1765204054885,0.810000,0.599000,0.158000,0.129000,8.176000,7.685000,2.718000,level_1_state_2
1765204055442,0.810000,0.598000,0.158000,0.131000,8.063000,7.546000,2.675000,level_1_state_2
1765204055947,0.810000,0.598000,0.158000,0.134000,8.063000,7.546000,2.675000,level_1_state_2
1765204056352,0.809000,0.599000,0.158000,0.135000,7.950000,7.408000,2.633000,level_1_state_2
1765204056454,0.810000,0.599000,0.158000,0.137000,8.176000,7.685000,2.718000,level_1_state_2
1765204057466,0.809000,0.598000,0.159000,0.139000,8.063000,7.546000,2.675000,level_1_state_2
1765204057668,0.810000,0.598000,0.160000,0.140000,8.176000,7.685000,2.718000,level_1_state_2
1765204057770,0.810000,0.598000,0.161000,0.142000,8.063000,7.546000,2.675000,level_1_state_2
1765204058580,0.809000,0.598000,0.164000,0.149000,7.613000,7.001000,2.507000,level_1_state_2
1765204059339,0.810000,0.598000,0.165000,0.150000,7.950000,7.408000,2.633000,level_1_state_2
1765204059845,0.811000,0.599000,0.167000,0.153000,8.063000,7.546000,2.675000,level_1_state_2
1765204060857,0.811000,0.598000,0.169000,0.155000,8.063000,7.546000,2.675000,level_1_state_2
1765204061059,0.811000,0.598000,0.170000,0.152000,7.725000,7.135000,2.549000,level_1_state_2
1765204061566,0.811000,0.598000,0.170000,0.150000,7.837000,7.271000,2.590000,level_1_state_2
1765204061667,0.811000,0.598000,0.169000,0.147000,7.837000,7.271000,2.590000,level_1_state_2
1765204063587,0.810000,0.598000,0.166000,0.140000,8.063000,7.546000,2.675000,level_1_state_2
1765204063690,0.811000,0.598000,0.165000,0.138000,7.613000,7.001000,2.507000,level_1_state_2
1765204064549,0.810000,0.599000,0.165000,0.137000,7.613000,7.001000,2.507000,level_1_state_2
1765204065156,0.811000,0.598000,0.163000,0.136000,7.837000,7.271000,2.590000,level_1_state_2
1765204065561,0.810000,0.598000,0.162000,0.136000,7.950000,7.408000,2.633000,level_1_state_2
1765204066169,0.811000,0.599000,0.162000,0.135000,8.176000,7.685000,2.718000,level_1_state_2
1765204066270,0.810000,0.598000,0.162000,0.136000,8.520000,8.110000,2.848000,level_1_state_2
1765204066726,0.810000,0.598000,0.161000,0.136000,8.520000,8.110000,2.848000,level_1_state_2
1765204067281,0.810000,0.598000,0.161000,0.136000,8.635000,8.254000,2.891000,level_1_state_2
1765204067382,0.810000,0.599000,0.161000,0.135000,8.520000,8.110000,2.848000,level_1_state_2
1765204067789,0.810000,0.599000,0.161000,0.135000,8.405000,7.967000,2.804000,level_1_state_2
1765204067891,0.810000,0.598000,0.160000,0.136000,8.405000,7.967000,2.804000,level_1_state_2
1765204068499,0.811000,0.599000,0.161000,0.135000,8.520000,8.110000,2.848000,level_1_state_2
1765204069157,0.810000,0.599000,0.160000,0.135000,8.520000,8.110000,2.848000,level_1_state_2
1765204069258,0.811000,0.599000,0.159000,0.133000,8.868000,8.546000,2.980000,level_1_state_2
1765204070927,0.810000,0.598000,0.158000,0.132000,8.751000,8.399000,2.935000,level_1_state_2
1765204071283,0.810000,0.598000,0.160000,0.141000,8.520000,8.110000,2.848000,level_1_state_2
1765204071385,0.810000,0.599000,0.161000,0.141000,8.290000,7.826000,2.761000,level_1_state_2
1765204071991,0.811000,0.599000,0.161000,0.141000,8.063000,7.546000,2.675000,level_1_state_2
1765204073302,0.810000,0.599000,0.159000,0.133000,8.290000,7.826000,2.761000,level_1_state_2
1765204074063,0.810000,0.599000,0.159000,0.133000,8.063000,7.546000,2.675000,level_1_state_2
1765204074114,0.810000,0.598000,0.158000,0.133000,8.751000,8.399000,2.935000,level_1_state_2
1765204074671,0.810000,0.599000,0.158000,0.131000,8.635000,8.254000,2.891000,level_1_state_2
1765204074773,0.811000,0.599000,0.157000,0.131000,8.635000,8.254000,2.891000,level_1_state_2
1765204075482,0.810000,0.599000,0.157000,0.131000,8.520000,8.110000,2.848000,level_1_state_2
1765204076702,0.810000,0.598000,0.159000,0.135000,7.950000,7.408000,2.633000,level_1_state_2
1765204077563,0.810000,0.599000,0.159000,0.134000,8.176000,7.685000,2.718000,level_1_state_2
1765204078069,0.810000,0.599000,0.158000,0.132000,8.520000,8.110000,2.848000,level_1_state_2
1765204078778,0.810000,0.598000,0.157000,0.131000,8.290000,7.826000,2.761000,level_1_state_2
1765204078880,0.810000,0.599000,0.156000,0.130000,8.290000,7.826000,2.761000,level_1_state_2
1765204079688,0.810000,0.599000,0.156000,0.129000,7.950000,7.408000,2.633000,level_1_state_2
1765204079789,0.810000,0.599000,0.155000,0.128000,8.520000,8.110000,2.848000,level_1_state_2
1765204080447,0.810000,0.599000,0.155000,0.128000,8.405000,7.967000,2.804000,level_1_state_2
1765204081004,0.810000,0.599000,0.154000,0.127000,9.220000,8.992000,3.114000,level_1_state_2
1765204081105,0.809000,0.599000,0.154000,0.127000,9.338000,9.144000,3.160000,level_1_state_2
1765204081764,0.810000,0.599000,0.154000,0.127000,9.102000,8.842000,3.069000,level_1_state_2
1765204082270,0.810000,0.598000,0.153000,0.128000,9.457000,9.296000,3.205000,level_1_state_2
1765204083486,0.809000,0.598000,0.153000,0.128000,9.576000,9.450000,3.251000,level_1_state_2
1765204084295,0.809000,0.599000,0.153000,0.132000,9.817000,9.761000,3.344000,level_1_state_2
1765204084396,0.809000,0.599000,0.154000,0.136000,10.425000,10.560000,3.580000,level_1_state_2
1765204085155,0.809000,0.599000,0.155000,0.140000,10.059000,10.077000,3.437000,level_1_state_2
1765204085206,0.810000,0.598000,0.158000,0.146000,10.303000,10.397000,3.532000,level_1_state_2
1765204085914,0.810000,0.599000,0.159000,0.149000,9.696000,9.605000,3.297000,level_1_state_2
1765204086827,0.810000,0.599000,0.162000,0.153000,10.425000,10.560000,3.580000,level_1_state_2
1765204087282,0.810000,0.599000,0.164000,0.152000,11.172000,11.559000,3.871000,level_1_state_2
1765204087941,0.811000,0.599000,0.164000,0.150000,10.180000,10.236000,3.484000,level_1_state_2
1765204088599,0.810000,0.599000,0.164000,0.149000,10.059000,10.077000,3.437000,level_1_state_2
1765204089105,0.811000,0.599000,0.163000,0.146000,10.425000,10.560000,3.580000,level_1_state_2
1765204089206,0.811000,0.599000,0.163000,0.145000,10.549000,10.723000,3.628000,level_1_state_2
1765204089915,0.812000,0.599000,0.164000,0.148000,10.796000,11.054000,3.724000,level_1_state_2
1765204090674,0.811000,0.599000,0.164000,0.151000,10.425000,10.560000,3.580000,level_1_state_2
1765204091535,0.812000,0.599000,0.166000,0.148000,10.059000,10.077000,3.437000,level_1_state_2
1765204092041,0.811000,0.599000,0.166000,0.146000,10.059000,10.077000,3.437000,level_1_state_2
1765204092548,0.812000,0.600000,0.166000,0.145000,10.059000,10.077000,3.437000,level_1_state_2
1765204093105,0.811000,0.600000,0.165000,0.142000,9.817000,9.761000,3.344000,level_1_state_2
1765204093156,0.810000,0.599000,0.163000,0.138000,9.457000,9.296000,3.205000,level_1_state_2
1765204093964,0.811000,0.599000,0.162000,0.137000,9.220000,8.992000,3.114000,level_1_state_2
1765204094571,0.811000,0.600000,0.162000,0.138000,9.457000,9.296000,3.205000,level_1_state_2
1765204095482,0.810000,0.599000,0.162000,0.141000,9.937000,9.918000,3.390000,level_1_state_2
1765204096040,0.811000,0.600000,0.162000,0.144000,9.457000,9.296000,3.205000,level_1_state_2
1765204096142,0.810000,0.599000,0.162000,0.143000,9.220000,8.992000,3.114000,level_1_state_2
1765204096598,0.811000,0.599000,0.162000,0.143000,8.985000,8.693000,3.024000,level_1_state_2
1765204096699,0.811000,0.599000,0.162000,0.143000,8.868000,8.546000,2.980000,level_1_state_2
1765204097207,0.811000,0.599000,0.162000,0.142000,8.985000,8.693000,3.024000,level_1_state_2
1765204097308,0.811000,0.600000,0.162000,0.142000,9.220000,8.992000,3.114000,level_1_state_2
1765204097915,0.811000,0.599000,0.162000,0.142000,9.220000,8.992000,3.114000,level_1_state_2
1765204098017,0.810000,0.599000,0.162000,0.143000,9.696000,9.605000,3.297000,level_1_state_2
1765204098422,0.812000,0.600000,0.163000,0.145000,10.059000,10.077000,3.437000,level_1_state_2
1765204098523,0.811000,0.599000,0.163000,0.147000,10.672000,10.888000,3.676000,level_1_state_2
1765204099130,0.811000,0.599000,0.165000,0.151000,10.796000,11.054000,3.724000,level_1_state_2
1765204099890,0.811000,0.599000,0.168000,0.158000,10.672000,10.888000,3.676000,level_1_state_2
1765204100395,0.812000,0.599000,0.170000,0.160000,10.549000,10.723000,3.628000,level_1_state_2
1765204100496,0.811000,0.599000,0.170000,0.158000,10.425000,10.560000,3.580000,level_1_state_2
1765204100904,0.811000,0.599000,0.171000,0.157000,10.303000,10.397000,3.532000,level_1_state_2
1765204101005,0.812000,0.600000,0.172000,0.156000,10.180000,10.236000,3.484000,level_1_state_2
1765204101613,0.812000,0.600000,0.172000,0.155000,10.059000,10.077000,3.437000,level_1_state_2
1765204101714,0.813000,0.600000,0.172000,0.153000,9.817000,9.761000,3.344000,level_1_state_2
1765204103233,0.812000,0.600000,0.170000,0.149000,9.457000,9.296000,3.205000,level_1_state_2
1765204103436,0.812000,0.601000,0.170000,0.150000,9.576000,9.450000,3.251000,level_1_state_2
1765204104146,0.812000,0.601000,0.168000,0.146000,9.457000,9.296000,3.205000,level_1_state_2
1765204104704,0.812000,0.599000,0.167000,0.145000,8.868000,8.546000,2.980000,level_1_state_2
1765204105261,0.812000,0.599000,0.167000,0.144000,8.985000,8.693000,3.024000,level_1_state_2
1765204106021,0.812000,0.599000,0.166000,0.142000,9.102000,8.842000,3.069000,level_1_state_2
1765204106072,0.812000,0.600000,0.165000,0.141000,9.696000,9.605000,3.297000,level_1_state_2
1765204107390,0.812000,0.599000,0.165000,0.140000,9.696000,9.605000,3.297000,level_1_state_2
1765204107847,0.812000,0.600000,0.165000,0.140000,9.457000,9.296000,3.205000,level_1_state_2
1765204108505,0.812000,0.600000,0.164000,0.139000,9.102000,8.842000,3.069000,level_1_state_2
1765204109062,0.812000,0.600000,0.164000,0.139000,9.338000,9.144000,3.160000,level_1_state_2
1765204110023,0.811000,0.599000,0.163000,0.137000,9.576000,9.450000,3.251000,level_1_state_2
1765204110075,0.811000,0.599000,0.162000,0.137000,10.549000,10.723000,3.628000,level_1_state_2
1765204110935,0.812000,0.600000,0.162000,0.134000,11.046000,11.390000,3.822000,level_1_state_2
1765204111239,0.811000,0.599000,0.161000,0.133000,11.046000,11.390000,3.822000,level_1_state_2
1765204111391,0.812000,0.599000,0.160000,0.131000,11.172000,11.559000,3.871000,level_1_state_2
1765204111747,0.811000,0.599000,0.159000,0.131000,11.046000,11.390000,3.822000,level_1_state_2
1765204112353,0.811000,0.600000,0.158000,0.131000,10.921000,11.221000,3.773000,level_1_state_2
1765204112658,0.810000,0.599000,0.158000,0.132000,10.672000,10.888000,3.676000,level_1_state_2
1765204113621,0.810000,0.600000,0.158000,0.133000,10.425000,10.560000,3.580000,level_1_state_2
1765204113924,0.811000,0.600000,0.158000,0.137000,10.303000,10.397000,3.532000,level_1_state_2
1765204114429,0.810000,0.600000,0.159000,0.141000,9.817000,9.761000,3.344000,level_1_state_2
1765204115038,0.811000,0.599000,0.160000,0.144000,10.059000,10.077000,3.437000,level_1_state_2
1765204115442,0.810000,0.600000,0.161000,0.145000,10.303000,10.397000,3.532000,level_1_state_2
1765204115544,0.810000,0.600000,0.162000,0.145000,10.549000,10.723000,3.628000,level_1_state_2
1765204115950,0.812000,0.600000,0.162000,0.144000,10.303000,10.397000,3.532000,level_1_state_2
1765204116352,0.810000,0.600000,0.161000,0.144000,10.303000,10.397000,3.532000,level_1_state_2
1765204116453,0.812000,0.599000,0.162000,0.145000,10.303000,10.397000,3.532000,level_1_state_2
1765204116757,0.811000,0.599000,0.162000,0.144000,9.937000,9.918000,3.390000,level_1_state_2
1765204117263,0.810000,0.600000,0.162000,0.143000,10.303000,10.397000,3.532000,level_1_state_2
1765204117667,0.809000,0.600000,0.162000,0.143000,10.425000,10.560000,3.580000,level_1_state_2
1765204117768,0.810000,0.600000,0.161000,0.142000,10.672000,10.888000,3.676000,level_1_state_2
1765204118326,0.810000,0.599000,0.162000,0.141000,10.796000,11.054000,3.724000,level_1_state_2
1765204118427,0.811000,0.600000,0.161000,0.140000,10.796000,11.054000,3.724000,level_1_state_2
1765204119288,0.810000,0.600000,0.162000,0.139000,10.425000,10.560000,3.580000,level_1_state_2
1765204120251,0.810000,0.599000,0.161000,0.140000,10.180000,10.236000,3.484000,level_1_state_2
1765204121061,0.811000,0.599000,0.161000,0.141000,11.046000,11.390000,3.822000,level_1_state_2
1765204121516,0.809000,0.599000,0.161000,0.142000,10.549000,10.723000,3.628000,level_1_state_2
1765204121567,0.810000,0.600000,0.162000,0.144000,10.672000,10.888000,3.676000,level_1_state_2
1765204121871,0.811000,0.599000,0.162000,0.145000,10.303000,10.397000,3.532000,level_1_state_2
1765204122378,0.811000,0.601000,0.162000,0.146000,10.425000,10.560000,3.580000,level_1_state_2
1765204122378,0.811000,0.600000,0.162000,0.145000,10.425000,10.560000,3.580000,level_1_state_2
1765204122833,0.810000,0.600000,0.162000,0.146000,10.549000,10.723000,3.628000,level_1_state_2
1765204122885,0.811000,0.600000,0.163000,0.146000,10.549000,10.723000,3.628000,level_1_state_2
1765204123593,0.810000,0.599000,0.163000,0.146000,10.921000,11.221000,3.773000,level_1_state_2
1765204124150,0.810000,0.600000,0.163000,0.146000,10.059000,10.077000,3.437000,level_1_state_2
1765204125366,0.812000,0.601000,0.164000,0.144000,9.696000,9.605000,3.297000,level_1_state_2
1765204125873,0.811000,0.600000,0.163000,0.144000,9.576000,9.450000,3.251000,level_1_state_2
1765204125974,0.811000,0.600000,0.164000,0.144000,9.576000,9.450000,3.251000,level_1_state_2
1765204126479,0.811000,0.599000,0.163000,0.145000,9.338000,9.144000,3.160000,level_1_state_2
1765204126935,0.811000,0.600000,0.164000,0.146000,9.102000,8.842000,3.069000,level_1_state_2
1765204127339,0.810000,0.600000,0.163000,0.145000,9.102000,8.842000,3.069000,level_1_state_2
1765204128352,0.810000,0.599000,0.162000,0.141000,8.868000,8.546000,2.980000,level_1_state_2
1765204128755,0.810000,0.600000,0.163000,0.141000,8.868000,8.546000,2.980000,level_1_state_2
1765204128856,0.810000,0.599000,0.162000,0.140000,9.102000,8.842000,3.069000,level_1_state_2
1765204129158,0.810000,0.599000,0.162000,0.140000,8.985000,8.693000,3.024000,level_1_state_2
1765204129663,0.811000,0.599000,0.162000,0.140000,9.102000,8.842000,3.069000,level_1_state_2
1765204129764,0.811000,0.600000,0.162000,0.140000,9.220000,8.992000,3.114000,level_1_state_2
1765204130369,0.810000,0.600000,0.162000,0.140000,8.985000,8.693000,3.024000,level_1_state_2
1765204130823,0.811000,0.601000,0.162000,0.140000,8.520000,8.110000,2.848000,level_1_state_2
1765204130924,0.811000,0.601000,0.162000,0.143000,8.635000,8.254000,2.891000,level_1_state_2
1765204132033,0.811000,0.601000,0.164000,0.146000,8.985000,8.693000,3.024000,level_1_state_2
1765204132539,0.810000,0.601000,0.164000,0.146000,9.576000,9.450000,3.251000,level_1_state_2
1765204132943,0.810000,0.601000,0.164000,0.145000,9.576000,9.450000,3.251000,level_1_state_2
1765204133044,0.810000,0.601000,0.164000,0.146000,9.457000,9.296000,3.205000,level_1_state_2
1765204134103,0.811000,0.601000,0.165000,0.148000,9.338000,9.144000,3.160000,level_1_state_2
1765204134506,0.811000,0.601000,0.165000,0.148000,9.338000,9.144000,3.160000,level_1_state_2
1765204135012,0.812000,0.601000,0.164000,0.148000,9.338000,9.144000,3.160000,level_1_state_2
1765204136226,0.811000,0.601000,0.164000,0.145000,9.817000,9.761000,3.344000,level_1_state_2
1765204136731,0.811000,0.601000,0.164000,0.143000,9.457000,9.296000,3.205000,level_1_state_2
1765204136832,0.812000,0.601000,0.164000,0.143000,9.576000,9.450000,3.251000,level_1_state_2
1765204137238,0.811000,0.601000,0.163000,0.144000,9.457000,9.296000,3.205000,level_1_state_2
1765204137340,0.812000,0.602000,0.163000,0.143000,9.338000,9.144000,3.160000,level_1_state_2
1765204137846,0.811000,0.601000,0.163000,0.145000,9.457000,9.296000,3.205000,level_1_state_2
1765204137947,0.811000,0.602000,0.164000,0.146000,9.576000,9.450000,3.251000,level_1_state_2
1765204138454,0.811000,0.601000,0.164000,0.146000,9.576000,9.450000,3.251000,level_1_state_2
1765204139214,0.811000,0.600000,0.164000,0.146000,9.696000,9.605000,3.297000,level_1_state_2
1765204139316,0.812000,0.601000,0.164000,0.146000,9.696000,9.605000,3.297000,level_1_state_2
1765204140483,0.812000,0.602000,0.164000,0.145000,9.937000,9.918000,3.390000,level_1_state_2
1765204140939,0.811000,0.601000,0.164000,0.145000,9.696000,9.605000,3.297000,level_1_state_2
1765204141090,0.811000,0.601000,0.164000,0.145000,9.576000,9.450000,3.251000,level_1_state_2
1765204141647,0.811000,0.601000,0.164000,0.146000,9.576000,9.450000,3.251000,level_1_state_2
1765204141749,0.811000,0.601000,0.165000,0.150000,9.817000,9.761000,3.344000,level_1_state_2
1765204142357,0.812000,0.601000,0.166000,0.152000,9.576000,9.450000,3.251000,level_1_state_2
1765204142408,0.811000,0.601000,0.167000,0.155000,9.696000,9.605000,3.297000,level_1_state_2
1765204142761,0.812000,0.601000,0.168000,0.156000,9.457000,9.296000,3.205000,level_1_state_2
1765204143369,0.812000,0.601000,0.169000,0.157000,9.576000,9.450000,3.251000,level_1_state_2
1765204143723,0.812000,0.600000,0.169000,0.155000,9.817000,9.761000,3.344000,level_1_state_2
1765204144229,0.813000,0.602000,0.168000,0.153000,9.457000,9.296000,3.205000,level_1_state_2
1765204144533,0.812000,0.601000,0.168000,0.152000,9.338000,9.144000,3.160000,level_1_state_2
1765204144584,0.813000,0.602000,0.169000,0.152000,9.338000,9.144000,3.160000,level_1_state_2
1765204144937,0.812000,0.601000,0.168000,0.150000,9.338000,9.144000,3.160000,level_1_state_2
1765204145951,0.812000,0.601000,0.168000,0.148000,9.338000,9.144000,3.160000,level_1_state_2
1765204146052,0.812000,0.601000,0.167000,0.148000,9.457000,9.296000,3.205000,level_1_state_2
1765204146457,0.813000,0.601000,0.167000,0.146000,9.338000,9.144000,3.160000,level_1_state_2
1765204146609,0.813000,0.601000,0.166000,0.146000,9.338000,9.144000,3.160000,level_1_state_2
1765204147116,0.813000,0.601000,0.166000,0.145000,9.457000,9.296000,3.205000,level_1_state_2
1765204148532,0.811000,0.601000,0.163000,0.139000,9.937000,9.918000,3.390000,level_1_state_2
1765204148887,0.812000,0.602000,0.162000,0.138000,9.696000,9.605000,3.297000,level_1_state_2
1765204149139,0.810000,0.601000,0.162000,0.138000,9.937000,9.918000,3.390000,level_1_state_2
1765204149343,0.811000,0.601000,0.162000,0.138000,9.937000,9.918000,3.390000,level_1_state_2
1765204149748,0.813000,0.601000,0.162000,0.140000,10.180000,10.236000,3.484000,level_1_state_2
1765204150255,0.812000,0.601000,0.162000,0.140000,10.059000,10.077000,3.437000,level_1_state_2
1765204150658,0.810000,0.601000,0.163000,0.144000,9.817000,9.761000,3.344000,level_1_state_2
1765204151266,0.813000,0.601000,0.164000,0.145000,9.457000,9.296000,3.205000,level_1_state_2
1765204151874,0.812000,0.602000,0.166000,0.149000,10.303000,10.397000,3.532000,level_1_state_2
1765204152378,0.812000,0.601000,0.167000,0.150000,10.549000,10.723000,3.628000,level_1_state_2
1765204152579,0.811000,0.601000,0.167000,0.151000,10.303000,10.397000,3.532000,level_1_state_2
1765204152833,0.813000,0.601000,0.168000,0.151000,10.059000,10.077000,3.437000,level_1_state_2
1765204152883,0.813000,0.601000,0.168000,0.153000,10.059000,10.077000,3.437000,level_1_state_2
1765204154202,0.812000,0.600000,0.168000,0.149000,10.059000,10.077000,3.437000,level_1_state_2
1765204155065,0.812000,0.601000,0.167000,0.146000,11.046000,11.390000,3.822000,level_1_state_2
1765204155267,0.813000,0.601000,0.167000,0.145000,11.425000,11.903000,3.971000,level_1_state_2
1765204155622,0.812000,0.601000,0.166000,0.144000,11.425000,11.903000,3.971000,level_1_state_2
1765204156077,0.810000,0.601000,0.165000,0.144000,11.172000,11.559000,3.871000,level_1_state_2
1765204156736,0.812000,0.600000,0.165000,0.144000,10.796000,11.054000,3.724000,level_1_state_2
1765204156989,0.812000,0.602000,0.164000,0.143000,10.059000,10.077000,3.437000,level_1_state_2
1765204157393,0.812000,0.602000,0.164000,0.142000,9.937000,9.918000,3.390000,level_1_state_2
1765204158965,0.812000,0.602000,0.163000,0.142000,10.059000,10.077000,3.437000,level_1_state_2
1765204159875,0.811000,0.601000,0.163000,0.141000,9.817000,9.761000,3.344000,level_1_state_2
1765204160281,0.812000,0.601000,0.163000,0.143000,9.817000,9.761000,3.344000,level_1_state_2
1765204160433,0.812000,0.602000,0.163000,0.142000,9.937000,9.918000,3.390000,level_1_state_2
1765204160887,0.813000,0.601000,0.163000,0.142000,9.937000,9.918000,3.390000,level_1_state_2
1765204161242,0.813000,0.602000,0.163000,0.142000,9.937000,9.918000,3.390000,level_1_state_2
1765204161850,0.813000,0.601000,0.166000,0.152000,9.576000,9.450000,3.251000,level_1_state_2
1765204162358,0.813000,0.601000,0.168000,0.155000,9.576000,9.450000,3.251000,level_1_state_2
1765204162558,0.812000,0.601000,0.168000,0.155000,9.457000,9.296000,3.205000,level_1_state_2
1765204162660,0.812000,0.601000,0.169000,0.155000,9.338000,9.144000,3.160000,level_1_state_2
1765204163168,0.813000,0.602000,0.169000,0.153000,9.338000,9.144000,3.160000,level_1_state_2
1765204163473,0.813000,0.601000,0.169000,0.154000,9.220000,8.992000,3.114000,level_1_state_2
1765204163575,0.813000,0.601000,0.169000,0.152000,9.220000,8.992000,3.114000,level_1_state_2
1765204164283,0.812000,0.601000,0.168000,0.148000,9.102000,8.842000,3.069000,level_1_state_2
1765204164688,0.812000,0.601000,0.168000,0.148000,9.220000,8.992000,3.114000,level_1_state_2
1765204165295,0.811000,0.601000,0.168000,0.148000,9.338000,9.144000,3.160000,level_1_state_2
1765204165397,0.812000,0.601000,0.169000,0.149000,9.576000,9.450000,3.251000,level_1_state_2
1765204165903,0.813000,0.602000,0.170000,0.152000,9.817000,9.761000,3.344000,level_1_state_2
1765204166005,0.813000,0.602000,0.171000,0.157000,10.180000,10.236000,3.484000,level_1_state_2
1765204166561,0.813000,0.601000,0.172000,0.159000,10.303000,10.397000,3.532000,level_1_state_2
1765204166712,0.813000,0.601000,0.173000,0.161000,10.425000,10.560000,3.580000,level_1_state_2
1765204166864,0.812000,0.600000,0.174000,0.163000,10.303000,10.397000,3.532000,level_1_state_2
1765204167421,0.813000,0.601000,0.175000,0.164000,10.303000,10.397000,3.532000,level_1_state_2
1765204167522,0.813000,0.602000,0.176000,0.163000,10.425000,10.560000,3.580000,level_1_state_2
1765204168129,0.814000,0.601000,0.175000,0.162000,10.180000,10.236000,3.484000,level_1_state_2
1765204168585,0.813000,0.601000,0.175000,0.161000,10.059000,10.077000,3.437000,level_1_state_2
1765204168687,0.813000,0.601000,0.174000,0.160000,10.059000,10.077000,3.437000,level_1_state_2
1765204169295,0.813000,0.601000,0.175000,0.159000,9.696000,9.605000,3.297000,level_1_state_2
1765204169751,0.813000,0.601000,0.175000,0.157000,9.457000,9.296000,3.205000,level_1_state_2
1765204170309,0.814000,0.601000,0.175000,0.156000,9.338000,9.144000,3.160000,level_1_state_2
1765204170411,0.814000,0.601000,0.174000,0.155000,9.338000,9.144000,3.160000,level_1_state_2
1765204171222,0.814000,0.601000,0.173000,0.153000,9.457000,9.296000,3.205000,level_1_state_2
1765204171577,0.812000,0.601000,0.173000,0.153000,9.220000,8.992000,3.114000,level_1_state_2
1765204171627,0.813000,0.600000,0.174000,0.153000,9.457000,9.296000,3.205000,level_1_state_2
1765204172234,0.813000,0.601000,0.172000,0.152000,9.457000,9.296000,3.205000,level_1_state_2
1765204172334,0.813000,0.601000,0.172000,0.151000,9.457000,9.296000,3.205000,level_1_state_2
1765204172639,0.813000,0.601000,0.172000,0.151000,9.220000,8.992000,3.114000,level_1_state_2
1765204172992,0.813000,0.600000,0.172000,0.150000,9.220000,8.992000,3.114000,level_1_state_2
1765204173901,0.813000,0.601000,0.172000,0.150000,9.220000,8.992000,3.114000,level_1_state_2
1765204174104,0.813000,0.601000,0.172000,0.151000,9.457000,9.296000,3.205000,level_1_state_2
1765204174205,0.813000,0.601000,0.172000,0.151000,8.985000,8.693000,3.024000,level_1_state_2
1765204174812,0.814000,0.600000,0.172000,0.152000,9.102000,8.842000,3.069000,level_1_state_2
1765204175572,0.814000,0.601000,0.172000,0.153000,9.338000,9.144000,3.160000,level_1_state_2
1765204175976,0.813000,0.601000,0.173000,0.154000,9.338000,9.144000,3.160000,level_1_state_2
1765204176128,0.814000,0.601000,0.173000,0.156000,9.102000,8.842000,3.069000,level_1_state_2
1765204176788,0.814000,0.600000,0.175000,0.162000,8.751000,8.399000,2.935000,level_1_state_2
1765204176788,0.813000,0.601000,0.176000,0.164000,8.868000,8.546000,2.980000,level_1_state_2
1765204177597,0.814000,0.601000,0.177000,0.164000,8.751000,8.399000,2.935000,level_1_state_2
1765204177849,0.815000,0.601000,0.180000,0.164000,8.985000,8.693000,3.024000,level_1_state_2
1765204178306,0.815000,0.601000,0.179000,0.162000,8.868000,8.546000,2.980000,level_1_state_2
1765204178559,0.815000,0.601000,0.180000,0.161000,8.985000,8.693000,3.024000,level_1_state_2
1765204179167,0.814000,0.601000,0.181000,0.164000,8.751000,8.399000,2.935000,level_1_state_2
1765204179522,0.815000,0.601000,0.181000,0.166000,8.751000,8.399000,2.935000,level_1_state_2
1765204179624,0.814000,0.601000,0.183000,0.169000,8.751000,8.399000,2.935000,level_1_state_2
1765204180028,0.814000,0.601000,0.184000,0.170000,8.520000,8.110000,2.848000,level_1_state_2
1765204181092,0.814000,0.601000,0.183000,0.162000,8.405000,7.967000,2.804000,level_1_state_2
1765204181396,0.816000,0.601000,0.182000,0.157000,8.520000,8.110000,2.848000,level_1_state_2
1765204182308,0.814000,0.601000,0.178000,0.151000,8.520000,8.110000,2.848000,level_1_state_2
1765204182409,0.815000,0.601000,0.177000,0.149000,8.635000,8.254000,2.891000,level_1_state_2
1765204182963,0.815000,0.601000,0.176000,0.148000,8.405000,7.967000,2.804000,level_1_state_2
1765204183317,0.814000,0.601000,0.175000,0.147000,8.520000,8.110000,2.848000,level_1_state_2
1765204183823,0.814000,0.601000,0.174000,0.146000,8.520000,8.110000,2.848000,level_1_state_2
1765204184431,0.814000,0.601000,0.173000,0.146000,8.520000,8.110000,2.848000,level_1_state_2
1765204184482,0.814000,0.601000,0.173000,0.146000,8.520000,8.110000,2.848000,level_1_state_2
1765204185797,0.814000,0.601000,0.172000,0.146000,8.868000,8.546000,2.980000,level_1_state_2
1765204186355,0.814000,0.600000,0.172000,0.146000,8.751000,8.399000,2.935000,level_1_state_2
1765204186658,0.814000,0.601000,0.173000,0.147000,8.868000,8.546000,2.980000,level_1_state_2
1765204186910,0.814000,0.601000,0.172000,0.148000,8.868000,8.546000,2.980000,level_1_state_2
1765204187063,0.814000,0.601000,0.172000,0.149000,8.868000,8.546000,2.980000,level_1_state_2
1765204187722,0.815000,0.601000,0.174000,0.154000,8.985000,8.693000,3.024000,level_1_state_2
1765204188634,0.814000,0.601000,0.175000,0.156000,8.868000,8.546000,2.980000,level_1_state_2
1765204189443,0.815000,0.601000,0.177000,0.158000,8.868000,8.546000,2.980000,level_1_state_2
1765204189949,0.815000,0.601000,0.179000,0.162000,8.868000,8.546000,2.980000,level_1_state_2
1765204190912,0.815000,0.602000,0.183000,0.166000,8.985000,8.693000,3.024000,level_1_state_2
1765204192026,0.816000,0.601000,0.185000,0.166000,8.635000,8.254000,2.891000,level_1_state_2
1765204192785,0.817000,0.602000,0.186000,0.169000,8.635000,8.254000,2.891000,level_1_state_2
1765204193290,0.815000,0.602000,0.186000,0.170000,8.063000,7.546000,2.675000,level_1_state_2
1765204193341,0.817000,0.602000,0.186000,0.170000,7.950000,7.408000,2.633000,level_1_state_2
1765204193997,0.816000,0.602000,0.186000,0.168000,7.950000,7.408000,2.633000,level_1_state_2
1765204194048,0.817000,0.602000,0.185000,0.166000,8.063000,7.546000,2.675000,level_1_state_2
1765204194655,0.816000,0.601000,0.185000,0.160000,7.837000,7.271000,2.590000,level_1_state_2
1765204194908,0.817000,0.601000,0.184000,0.158000,7.725000,7.135000,2.549000,level_1_state_2
1765204196121,0.816000,0.602000,0.182000,0.155000,7.725000,7.135000,2.549000,level_1_state_2
1765204196628,0.816000,0.601000,0.180000,0.153000,8.176000,7.685000,2.718000,level_1_state_2
1765204197135,0.815000,0.601000,0.180000,0.151000,8.063000,7.546000,2.675000,level_1_state_2
1765204197742,0.816000,0.601000,0.178000,0.150000,8.176000,7.685000,2.718000,level_1_state_2
1765204198146,0.815000,0.602000,0.177000,0.146000,8.405000,7.967000,2.804000,level_1_state_2
1765204199009,0.815000,0.601000,0.175000,0.143000,8.635000,8.254000,2.891000,level_1_state_2
1765204199515,0.815000,0.601000,0.173000,0.139000,9.102000,8.842000,3.069000,level_1_state_2
1765204199869,0.815000,0.602000,0.171000,0.137000,9.576000,9.450000,3.251000,level_1_state_2
1765204200325,0.815000,0.601000,0.170000,0.136000,9.696000,9.605000,3.297000,level_1_state_2
1765204200628,0.815000,0.601000,0.170000,0.136000,9.817000,9.761000,3.344000,level_1_state_2
1765204200679,0.815000,0.602000,0.169000,0.136000,9.817000,9.761000,3.344000,level_1_state_2
1765204201186,0.815000,0.602000,0.169000,0.137000,9.696000,9.605000,3.297000,level_1_state_2
1765204201288,0.815000,0.602000,0.169000,0.138000,9.576000,9.450000,3.251000,level_1_state_2
1765204201694,0.815000,0.602000,0.168000,0.139000,9.220000,8.992000,3.114000,level_1_state_2
1765204201744,0.814000,0.602000,0.168000,0.140000,8.868000,8.546000,2.980000,level_1_state_2
1765204202251,0.815000,0.602000,0.169000,0.140000,8.290000,7.826000,2.761000,level_1_state_2
1765204203315,0.815000,0.602000,0.169000,0.142000,8.176000,7.685000,2.718000,level_1_state_2
1765204203820,0.814000,0.602000,0.171000,0.150000,8.520000,8.110000,2.848000,level_1_state_2
1765204204629,0.815000,0.601000,0.172000,0.153000,8.405000,7.967000,2.804000,level_1_state_2
1765204205186,0.814000,0.602000,0.174000,0.167000,8.751000,8.399000,2.935000,level_1_state_2
1765204205997,0.816000,0.602000,0.180000,0.178000,8.751000,8.399000,2.935000,level_1_state_1
1765204206047,0.815000,0.601000,0.184000,0.176000,9.696000,9.605000,3.297000,level_1_state_1
1765204206655,0.813000,0.601000,0.184000,0.173000,9.817000,9.761000,3.344000,level_1_state_1
1765204207208,0.816000,0.601000,0.187000,0.176000,11.936000,12.604000,4.173000,level_1_state_1
1765204208121,0.815000,0.601000,0.192000,0.184000,12.983000,14.069000,4.590000,level_1_state_1
1765204208524,0.817000,0.601000,0.195000,0.188000,13.250000,14.448000,4.697000,level_1_state_1
1765204208926,0.815000,0.601000,0.196000,0.189000,13.250000,14.448000,4.697000,level_1_state_1
1765204209028,0.817000,0.601000,0.198000,0.191000,13.519000,14.833000,4.805000,level_1_state_1
1765204209835,0.817000,0.601000,0.200000,0.192000,13.384000,14.640000,4.751000,level_1_state_1
1765204210492,0.816000,0.601000,0.202000,0.192000,13.250000,14.448000,4.697000,level_1_state_1
1765204210895,0.817000,0.601000,0.203000,0.193000,13.384000,14.640000,4.751000,level_1_state_1
1765204211806,0.817000,0.601000,0.205000,0.192000,12.983000,14.069000,4.590000,level_1_state_1
1765204212059,0.817000,0.600000,0.205000,0.190000,12.850000,13.881000,4.537000,idle
1765204213578,0.816000,0.600000,0.206000,0.189000,12.718000,13.695000,4.484000,idle
1765204214841,0.817000,0.601000,0.209000,0.191000,12.718000,13.695000,4.484000,idle
1765204215296,0.817000,0.601000,0.209000,0.193000,12.718000,13.695000,4.484000,idle
1765204215549,0.817000,0.600000,0.210000,0.192000,12.718000,13.695000,4.484000,idle
1765204215851,0.818000,0.600000,0.210000,0.191000,12.718000,13.695000,4.484000,idle
1765204216607,0.818000,0.601000,0.211000,0.189000,12.850000,13.881000,4.537000,idle
1765204217214,0.818000,0.599000,0.211000,0.189000,12.718000,13.695000,4.484000,idle
1765204217669,0.818000,0.601000,0.212000,0.190000,12.718000,13.695000,4.484000,idle
1765204218225,0.819000,0.601000,0.213000,0.190000,12.718000,13.695000,4.484000,idle
